requirement_name,position_name,position_type
Acknowledgment & Agreement - Driver,"Acalanes Union High School District, CA: Driver With a Vehicle",employee
Acknowledgment & Agreement - Driver,"Acalanes Union High School District, CA: Driver Without a Vehicle",employee
Acknowledgment & Agreement - Driver,"Ace Charter School, CA: Driver With a Vehicle",employee
Acknowledgment & Agreement - Driver,"Ace Charter School, CA: Driver Without a Vehicle",employee
Acknowledgment & Agreement - Driver,"Alameda Unified School District, CA: Driver With a Vehicle",employee
Acknowledgment & Agreement - Driver,"Alameda Unified School District, CA: Driver Without a Vehicle",employee
Acknowledgment & Agreement - Driver,"Albany Unified School District, CA: Driver With a Vehicle",employee
Acknowledgment & Agreement - Driver,"Albany Unified School District, CA: Driver Without a Vehicle",employee
Acknowledgment & Agreement - Driver,"Alpine Union School District, CA: Driver With a Vehicle",employee
Acknowledgment & Agreement - Driver,"Alpine Union School District, CA: Driver Without a Vehicle",employee
Acknowledgment & Agreement - Driver,"Alvord Unified School District, CA: Driver With a Vehicle",employee
Acknowledgment & Agreement - Driver,"Alvord Unified School District, CA: Driver Without a Vehicle",employee
Acknowledgment & Agreement - Driver,"Anaheim Elementary School District, CA: Driver With a Vehicle",employee
Acknowledgment & Agreement - Driver,"Anaheim Elementary School District, CA: Driver Without a Vehicle",employee
Acknowledgment & Agreement - Driver,"Anaheim Union High School District, CA: Driver With a Vehicle",employee
Acknowledgment & Agreement - Driver,"Anaheim Union High School District, CA: Driver Without a Vehicle",employee
Acknowledgment & Agreement - Driver,"Antioch Unified School District, CA: Driver With a Vehicle",employee
Acknowledgment & Agreement - Driver,"Antioch Unified School District, CA: Driver Without a Vehicle",employee
Acknowledgment & Agreement - Driver,"Apple Valley Unified School District, CA: Driver With a Vehicle",employee
Acknowledgment & Agreement - Driver,"Apple Valley Unified School District, CA: Driver Without a Vehicle",employee
Acknowledgment & Agreement - Driver,"Aspire Public Schools - NorCal, CA: Driver With a Vehicle",employee
Acknowledgment & Agreement - Driver,"Aspire Public Schools - NorCal, CA: Driver Without a Vehicle",employee
Acknowledgment & Agreement - Driver,"Aspire Public Schools - SoCal, CA: Driver With a Vehicle",employee
Acknowledgment & Agreement - Driver,"Aspire Public Schools - SoCal, CA: Driver Without a Vehicle",employee
Acknowledgment & Agreement - Driver,"Baldwin Park Unified School District, CA: Driver With a Vehicle",employee
Acknowledgment & Agreement - Driver,"Baldwin Park Unified School District, CA: Driver Without a Vehicle",employee
Acknowledgment & Agreement - Driver,"Bellflower Unified School District, CA: Driver With a Vehicle",employee
Acknowledgment & Agreement - Driver,"Bellflower Unified School District, CA: Driver Without a Vehicle",employee
Acknowledgment & Agreement - Driver,"Belmont-Redwood Shores School District, CA: Driver With a Vehicle",employee
Acknowledgment & Agreement - Driver,"Belmont-Redwood Shores School District, CA: Driver Without a Vehicle",employee
Acknowledgment & Agreement - Driver,"Berkeley Unified School District, CA: Driver With a Vehicle",employee
Acknowledgment & Agreement - Driver,"Berkeley Unified School District, CA: Driver Without a Vehicle",employee
Acknowledgment & Agreement - Driver,"Berryessa Union School District, CA: Driver With a Vehicle",employee
Acknowledgment & Agreement - Driver,"Berryessa Union School District, CA: Driver Without a Vehicle",employee
Acknowledgment & Agreement - Driver,"Brentwood Union School District, CA: Driver With a Vehicle",employee
Acknowledgment & Agreement - Driver,"Brentwood Union School District, CA: Driver Without a Vehicle",employee
Acknowledgment & Agreement - Driver,"Brisbane Elementary School District, CA: Driver With a Vehicle",employee
Acknowledgment & Agreement - Driver,"Brisbane Elementary School District, CA: Driver Without a Vehicle",employee
Acknowledgment & Agreement - Driver,"Burbank Unified School District, CA: Driver With a Vehicle",employee
Acknowledgment & Agreement - Driver,"Burbank Unified School District, CA: Driver Without a Vehicle",employee
Acknowledgment & Agreement - Driver,"Burlingame School District, CA: Driver With a Vehicle",employee
Acknowledgment & Agreement - Driver,"Burlingame School District, CA: Driver Without a Vehicle",employee
Acknowledgment & Agreement - Driver,"California Virtual Academies (CAVA), CA: Driver With a Vehicle",employee
Acknowledgment & Agreement - Driver,"California Virtual Academies (CAVA), CA: Driver Without a Vehicle",employee
Acknowledgment & Agreement - Driver,"Capistrano Unified School District, CA: Driver With a Vehicle",employee
Acknowledgment & Agreement - Driver,"Capistrano Unified School District, CA: Driver Without a Vehicle",employee
Acknowledgment & Agreement - Driver,"Carlsbad Unified School District, CA: Driver With a Vehicle",employee
Acknowledgment & Agreement - Driver,"Carlsbad Unified School District, CA: Driver Without a Vehicle",employee
Acknowledgment & Agreement - Driver,"Castro Valley Unified School District, CA: Driver With a Vehicle",employee
Acknowledgment & Agreement - Driver,"Castro Valley Unified School District, CA: Driver Without a Vehicle",employee
Acknowledgment & Agreement - Driver,"Chaffey Joint Union High School District, CA: Driver With a Vehicle",employee
Acknowledgment & Agreement - Driver,"Chaffey Joint Union High School District, CA: Driver Without a Vehicle",employee
Acknowledgment & Agreement - Driver,"Chino Valley Unified School District, CA: Driver With a Vehicle",employee
Acknowledgment & Agreement - Driver,"Chino Valley Unified School District, CA: Driver Without a Vehicle",employee
Acknowledgment & Agreement - Driver,"Coachella Valley Unified School District, CA: Driver With a Vehicle",employee
Acknowledgment & Agreement - Driver,"Coachella Valley Unified School District, CA: Driver Without a Vehicle",employee
Acknowledgment & Agreement - Driver,"Conejo Valley Unified School District, CA: Driver With a Vehicle",employee
Acknowledgment & Agreement - Driver,"Conejo Valley Unified School District, CA: Driver Without a Vehicle",employee
Acknowledgment & Agreement - Driver,"Coronado Unified School District, CA: Driver With a Vehicle",employee
Acknowledgment & Agreement - Driver,"Coronado Unified School District, CA: Driver Without a Vehicle",employee
Acknowledgment & Agreement - Driver,"Corona-Norco Unified School District, CA: Driver With a Vehicle",employee
Acknowledgment & Agreement - Driver,"Corona-Norco Unified School District, CA: Driver Without a Vehicle",employee
Acknowledgment & Agreement - Driver,"County of Sonoma - Human Services, CA: Driver With a Vehicle",employee
Acknowledgment & Agreement - Driver,"County of Sonoma - Human Services, CA: Driver Without a Vehicle",employee
Acknowledgment & Agreement - Driver,"Cucamonga School District, CA: Driver With a Vehicle",employee
Acknowledgment & Agreement - Driver,"Cucamonga School District, CA: Driver Without a Vehicle",employee
Acknowledgment & Agreement - Driver,"Dublin Unified School District, CA: Driver With a Vehicle",employee
Acknowledgment & Agreement - Driver,"Dublin Unified School District, CA: Driver Without a Vehicle",employee
Acknowledgment & Agreement - Driver,"Durham School Services, CA: Driver With a Vehicle",employee
Acknowledgment & Agreement - Driver,"Durham School Services, CA: Driver Without a Vehicle",employee
Acknowledgment & Agreement - Driver,"East Bay Innovation Academy, CA: Driver With a Vehicle",employee
Acknowledgment & Agreement - Driver,"East Bay Innovation Academy, CA: Driver Without a Vehicle",employee
Acknowledgment & Agreement - Driver,"East Side Union High School District, CA: Driver With a Vehicle",employee
Acknowledgment & Agreement - Driver,"East Side Union High School District, CA: Driver Without a Vehicle",employee
Acknowledgment & Agreement - Driver,"Escondido Union School District, CA: Driver With a Vehicle",employee
Acknowledgment & Agreement - Driver,"Escondido Union School District, CA: Driver Without a Vehicle",employee
Acknowledgment & Agreement - Driver,"Etiwanda School District, CA: Driver With a Vehicle",employee
Acknowledgment & Agreement - Driver,"Etiwanda School District, CA: Driver Without a Vehicle",employee
Acknowledgment & Agreement - Driver,"Fallbrook Union Elementary School District, CA: Driver With a Vehicle",employee
Acknowledgment & Agreement - Driver,"Fallbrook Union Elementary School District, CA: Driver Without a Vehicle",employee
Acknowledgment & Agreement - Driver,"First Student - Service Assurance, CA: Driver With a Vehicle",employee
Acknowledgment & Agreement - Driver,"First Student - Service Assurance, CA: Driver Without a Vehicle",employee
Acknowledgment & Agreement - Driver,"First Student - Service Assurance, CA: Driver With a Vehicle",employee
Acknowledgment & Agreement - Driver,"First Student - Service Assurance, CA: Driver Without a Vehicle",employee
Acknowledgment & Agreement - Driver,"First Student - Service Assurance, CA: Driver With a Vehicle",employee
Acknowledgment & Agreement - Driver,"First Student - Service Assurance, CA: Driver Without a Vehicle",employee
Acknowledgment & Agreement - Driver,"First Student - Service Assurance, CA: Driver With a Vehicle",employee
Acknowledgment & Agreement - Driver,"First Student - Service Assurance, CA: Driver Without a Vehicle",employee
Acknowledgment & Agreement - Driver,"Fremont Unified School District, CA: Driver With a Vehicle",employee
Acknowledgment & Agreement - Driver,"Fremont Unified School District, CA: Driver Without a Vehicle",employee
Acknowledgment & Agreement - Driver,"Fullerton Joint Union High School District, CA: Driver With a Vehicle",employee
Acknowledgment & Agreement - Driver,"Fullerton Joint Union High School District, CA: Driver Without a Vehicle",employee
Acknowledgment & Agreement - Driver,"Galt Joint Union Elementary School District, CA: Driver With a Vehicle",employee
Acknowledgment & Agreement - Driver,"Galt Joint Union Elementary School District, CA: Driver Without a Vehicle",employee
Acknowledgment & Agreement - Driver,"Galt Joint Union High School District, CA: Driver With a Vehicle",employee
Acknowledgment & Agreement - Driver,"Galt Joint Union High School District, CA: Driver Without a Vehicle",employee
Acknowledgment & Agreement - Driver,"Garvey School District, CA: Driver With a Vehicle",employee
Acknowledgment & Agreement - Driver,"Garvey School District, CA: Driver Without a Vehicle",employee
Acknowledgment & Agreement - Driver,"Glendale Unified School District, CA: Driver With a Vehicle",employee
Acknowledgment & Agreement - Driver,"Glendale Unified School District, CA: Driver Without a Vehicle",employee
Acknowledgment & Agreement - Driver,"Hawthorne School District, CA: Driver With a Vehicle",employee
Acknowledgment & Agreement - Driver,"Hawthorne School District, CA: Driver Without a Vehicle",employee
Acknowledgment & Agreement - Driver,"Hayward Unified School District, CA: Driver With a Vehicle",employee
Acknowledgment & Agreement - Driver,"Hayward Unified School District, CA: Driver Without a Vehicle",employee
Acknowledgment & Agreement - Driver,"Hemet Transportation - Los Angeles, CA: Driver With a Vehicle",employee
Acknowledgment & Agreement - Driver,"Hemet Transportation - Los Angeles, CA: Driver Without a Vehicle",employee
Acknowledgment & Agreement - Driver,"Hemet Unified School District, CA: Driver With a Vehicle",employee
Acknowledgment & Agreement - Driver,"Hemet Unified School District, CA: Driver Without a Vehicle",employee
Acknowledgment & Agreement - Driver,"Hesperia Unified School District, CA: Driver With a Vehicle",employee
Acknowledgment & Agreement - Driver,"Hesperia Unified School District, CA: Driver Without a Vehicle",employee
Acknowledgment & Agreement - Driver,"Howell Mountain Elementary School District, CA: Driver With a Vehicle",employee
Acknowledgment & Agreement - Driver,"Howell Mountain Elementary School District, CA: Driver Without a Vehicle",employee
Acknowledgment & Agreement - Driver,"Inglewood Unified School District, CA: Driver With a Vehicle",employee
Acknowledgment & Agreement - Driver,"Inglewood Unified School District, CA: Driver Without a Vehicle",employee
Acknowledgment & Agreement - Driver,"Irvine Unified School District, CA: Driver With a Vehicle",employee
Acknowledgment & Agreement - Driver,"Irvine Unified School District, CA: Driver Without a Vehicle",employee
Acknowledgment & Agreement - Driver,"Jamul-Dulzura Union School District, CA: Driver With a Vehicle",employee
Acknowledgment & Agreement - Driver,"Jamul-Dulzura Union School District, CA: Driver Without a Vehicle",employee
Acknowledgment & Agreement - Driver,"Jurupa Unified School District, CA: Driver With a Vehicle",employee
Acknowledgment & Agreement - Driver,"Jurupa Unified School District, CA: Driver Without a Vehicle",employee
Acknowledgment & Agreement - Driver,"KIPP Bay Area Schools, CA: Driver With a Vehicle",employee
Acknowledgment & Agreement - Driver,"KIPP Bay Area Schools, CA: Driver Without a Vehicle",employee
Acknowledgment & Agreement - Driver,"La Habra City School District, CA: Driver With a Vehicle",employee
Acknowledgment & Agreement - Driver,"La Habra City School District, CA: Driver Without a Vehicle",employee
Acknowledgment & Agreement - Driver,"Lafayette School District, CA: Driver With a Vehicle",employee
Acknowledgment & Agreement - Driver,"Lafayette School District, CA: Driver Without a Vehicle",employee
Acknowledgment & Agreement - Driver,"Laguna Beach Unified School District, CA: Driver With a Vehicle",employee
Acknowledgment & Agreement - Driver,"Laguna Beach Unified School District, CA: Driver Without a Vehicle",employee
Acknowledgment & Agreement - Driver,"Lakeside Joint School District, CA: Driver With a Vehicle",employee
Acknowledgment & Agreement - Driver,"Lakeside Joint School District, CA: Driver Without a Vehicle",employee
Acknowledgment & Agreement - Driver,"Las Virgenes Unified School District, CA: Driver With a Vehicle",employee
Acknowledgment & Agreement - Driver,"Las Virgenes Unified School District, CA: Driver Without a Vehicle",employee
Acknowledgment & Agreement - Driver,"Liberty Union High School District, CA: Driver With a Vehicle",employee
Acknowledgment & Agreement - Driver,"Liberty Union High School District, CA: Driver Without a Vehicle",employee
Acknowledgment & Agreement - Driver,"Loma Prieta Joint Union Elementary School District, CA: Driver With a Vehicle",employee
Acknowledgment & Agreement - Driver,"Loma Prieta Joint Union Elementary School District, CA: Driver Without a Vehicle",employee
Acknowledgment & Agreement - Driver,"Los Alamitos Unified School District, CA: Driver With a Vehicle",employee
Acknowledgment & Agreement - Driver,"Los Alamitos Unified School District, CA: Driver Without a Vehicle",employee
Acknowledgment & Agreement - Driver,"Los Angeles Unified School District, CA: Driver With a Vehicle",employee
Acknowledgment & Agreement - Driver,"Los Angeles Unified School District, CA: Driver Without a Vehicle",employee
Acknowledgment & Agreement - Driver,"Martinez Unified School District, CA: Driver With a Vehicle",employee
Acknowledgment & Agreement - Driver,"Martinez Unified School District, CA: Driver Without a Vehicle",employee
Acknowledgment & Agreement - Driver,"Millbrae School District, CA: Driver With a Vehicle",employee
Acknowledgment & Agreement - Driver,"Millbrae School District, CA: Driver Without a Vehicle",employee
Acknowledgment & Agreement - Driver,"Milpitas Unified School District, CA: Driver With a Vehicle",employee
Acknowledgment & Agreement - Driver,"Milpitas Unified School District, CA: Driver Without a Vehicle",employee
Acknowledgment & Agreement - Driver,"New Haven Unified School District, CA: Driver With a Vehicle",employee
Acknowledgment & Agreement - Driver,"New Haven Unified School District, CA: Driver Without a Vehicle",employee
Acknowledgment & Agreement - Driver,"Newark Unified School District, CA: Driver With a Vehicle",employee
Acknowledgment & Agreement - Driver,"Newark Unified School District, CA: Driver Without a Vehicle",employee
Acknowledgment & Agreement - Driver,"Newport Mesa Unified School District, CA: Driver With a Vehicle",employee
Acknowledgment & Agreement - Driver,"Newport Mesa Unified School District, CA: Driver Without a Vehicle",employee
Acknowledgment & Agreement - Driver,"Novato Unified School District, CA: Driver With a Vehicle",employee
Acknowledgment & Agreement - Driver,"Novato Unified School District, CA: Driver Without a Vehicle",employee
Acknowledgment & Agreement - Driver,"Oakland Unified School District, CA: Driver With a Vehicle",employee
Acknowledgment & Agreement - Driver,"Oakland Unified School District, CA: Driver Without a Vehicle",employee
Acknowledgment & Agreement - Driver,"Ocean View Non-Public School, CA: Driver With a Vehicle",employee
Acknowledgment & Agreement - Driver,"Ocean View Non-Public School, CA: Driver Without a Vehicle",employee
Acknowledgment & Agreement - Driver,"Ontario-Montclair School District, CA: Driver With a Vehicle",employee
Acknowledgment & Agreement - Driver,"Ontario-Montclair School District, CA: Driver Without a Vehicle",employee
Acknowledgment & Agreement - Driver,"Orange Unified School District, CA: Driver With a Vehicle",employee
Acknowledgment & Agreement - Driver,"Orange Unified School District, CA: Driver Without a Vehicle",employee
Acknowledgment & Agreement - Driver,"Oxnard School District, CA: Driver With a Vehicle",employee
Acknowledgment & Agreement - Driver,"Oxnard School District, CA: Driver Without a Vehicle",employee
Acknowledgment & Agreement - Driver,"Oxnard Union High School District, CA: Driver With a Vehicle",employee
Acknowledgment & Agreement - Driver,"Oxnard Union High School District, CA: Driver Without a Vehicle",employee
Acknowledgment & Agreement - Driver,"Pajaro Valley Unified School District, CA: Driver With a Vehicle",employee
Acknowledgment & Agreement - Driver,"Pajaro Valley Unified School District, CA: Driver Without a Vehicle",employee
Acknowledgment & Agreement - Driver,"Palo Alto Unified School District, CA: Driver With a Vehicle",employee
Acknowledgment & Agreement - Driver,"Palo Alto Unified School District, CA: Driver Without a Vehicle",employee
Acknowledgment & Agreement - Driver,"Palos Verdes Peninsula Unified School District, CA: Driver With a Vehicle",employee
Acknowledgment & Agreement - Driver,"Palos Verdes Peninsula Unified School District, CA: Driver Without a Vehicle",employee
Acknowledgment & Agreement - Driver,"Piedmont Unified School District, CA: Driver With a Vehicle",employee
Acknowledgment & Agreement - Driver,"Piedmont Unified School District, CA: Driver Without a Vehicle",employee
Acknowledgment & Agreement - Driver,"Pittsburg Unified School District, CA: Driver With a Vehicle",employee
Acknowledgment & Agreement - Driver,"Pittsburg Unified School District, CA: Driver Without a Vehicle",employee
Acknowledgment & Agreement - Driver,"Placentia-Yorba Linda Unified School District, CA: Driver With a Vehicle",employee
Acknowledgment & Agreement - Driver,"Placentia-Yorba Linda Unified School District, CA: Driver Without a Vehicle",employee
Acknowledgment & Agreement - Driver,"Pleasanton Unified School District, CA: Driver With a Vehicle",employee
Acknowledgment & Agreement - Driver,"Pleasanton Unified School District, CA: Driver Without a Vehicle",employee
Acknowledgment & Agreement - Driver,"Redlands Unified School District, CA: Driver With a Vehicle",employee
Acknowledgment & Agreement - Driver,"Redlands Unified School District, CA: Driver Without a Vehicle",employee
Acknowledgment & Agreement - Driver,"Rialto Unified School District, CA: Driver With a Vehicle",employee
Acknowledgment & Agreement - Driver,"Rialto Unified School District, CA: Driver Without a Vehicle",employee
Acknowledgment & Agreement - Driver,"Rincon Valley Union School District, CA: Driver With a Vehicle",employee
Acknowledgment & Agreement - Driver,"Rincon Valley Union School District, CA: Driver Without a Vehicle",employee
Acknowledgment & Agreement - Driver,"Rio School District, CA: Driver With a Vehicle",employee
Acknowledgment & Agreement - Driver,"Rio School District, CA: Driver Without a Vehicle",employee
Acknowledgment & Agreement - Driver,"Rowland Unified School District, CA: Driver With a Vehicle",employee
Acknowledgment & Agreement - Driver,"Rowland Unified School District, CA: Driver Without a Vehicle",employee
Acknowledgment & Agreement - Driver,"San Bruno Park School District, CA: Driver With a Vehicle",employee
Acknowledgment & Agreement - Driver,"San Bruno Park School District, CA: Driver Without a Vehicle",employee
Acknowledgment & Agreement - Driver,"San Diego County Foster Youth and Homeless Education Services, CA: Driver With a Vehicle",employee
Acknowledgment & Agreement - Driver,"San Diego County Foster Youth and Homeless Education Services, CA: Driver Without a Vehicle",employee
Acknowledgment & Agreement - Driver,"San Francisco Unified School District, CA: Driver With a Vehicle",employee
Acknowledgment & Agreement - Driver,"San Francisco Unified School District, CA: Driver Without a Vehicle",employee
Acknowledgment & Agreement - Driver,"San Jose Unified School District, CA: Driver With a Vehicle",employee
Acknowledgment & Agreement - Driver,"San Jose Unified School District, CA: Driver Without a Vehicle",employee
Acknowledgment & Agreement - Driver,"San Juan Unified School District, CA: Driver With a Vehicle",employee
Acknowledgment & Agreement - Driver,"San Juan Unified School District, CA: Driver Without a Vehicle",employee
Acknowledgment & Agreement - Driver,"San Leandro Unified School District, CA: Driver With a Vehicle",employee
Acknowledgment & Agreement - Driver,"San Leandro Unified School District, CA: Driver Without a Vehicle",employee
Acknowledgment & Agreement - Driver,"San Lorenzo Unified School District, CA: Driver With a Vehicle",employee
Acknowledgment & Agreement - Driver,"San Lorenzo Unified School District, CA: Driver Without a Vehicle",employee
Acknowledgment & Agreement - Driver,"San Mateo County Office of Education, CA: Driver With a Vehicle",employee
Acknowledgment & Agreement - Driver,"San Mateo County Office of Education, CA: Driver Without a Vehicle",employee
Acknowledgment & Agreement - Driver,"San Rafael City Schools, CA: Driver With a Vehicle",employee
Acknowledgment & Agreement - Driver,"San Rafael City Schools, CA: Driver Without a Vehicle",employee
Acknowledgment & Agreement - Driver,"Santa Ana Unified School District, CA: Driver With a Vehicle",employee
Acknowledgment & Agreement - Driver,"Santa Ana Unified School District, CA: Driver Without a Vehicle",employee
Acknowledgment & Agreement - Driver,"Santee School District, CA: Driver With a Vehicle",employee
Acknowledgment & Agreement - Driver,"Santee School District, CA: Driver Without a Vehicle",employee
Acknowledgment & Agreement - Driver,"Seneca Family of Agencies, CA: Driver With a Vehicle",employee
Acknowledgment & Agreement - Driver,"Seneca Family of Agencies, CA: Driver Without a Vehicle",employee
Acknowledgment & Agreement - Driver,"Sequoia Union High School District, CA: Driver With a Vehicle",employee
Acknowledgment & Agreement - Driver,"Sequoia Union High School District, CA: Driver Without a Vehicle",employee
Acknowledgment & Agreement - Driver,"Silver Oak High School, CA: Driver With a Vehicle",employee
Acknowledgment & Agreement - Driver,"Silver Oak High School, CA: Driver Without a Vehicle",employee
Acknowledgment & Agreement - Driver,"Simi Valley Unified School District, CA: Driver With a Vehicle",employee
Acknowledgment & Agreement - Driver,"Simi Valley Unified School District, CA: Driver Without a Vehicle",employee
Acknowledgment & Agreement - Driver,"Snowline Joint Unified School District, CA: Driver With a Vehicle",employee
Acknowledgment & Agreement - Driver,"Snowline Joint Unified School District, CA: Driver Without a Vehicle",employee
Acknowledgment & Agreement - Driver,"Sonoma County Office of Education, CA: Driver With a Vehicle",employee
Acknowledgment & Agreement - Driver,"Sonoma County Office of Education, CA: Driver Without a Vehicle",employee
Acknowledgment & Agreement - Driver,"Sonoma Valley Unified School District, CA: Driver With a Vehicle",employee
Acknowledgment & Agreement - Driver,"Sonoma Valley Unified School District, CA: Driver Without a Vehicle",employee
Acknowledgment & Agreement - Driver,"South San Francisco Unified School District, CA: Driver With a Vehicle",employee
Acknowledgment & Agreement - Driver,"South San Francisco Unified School District, CA: Driver Without a Vehicle",employee
Acknowledgment & Agreement - Driver,"The Classical Academies, CA: Driver With a Vehicle",employee
Acknowledgment & Agreement - Driver,"The Classical Academies, CA: Driver Without a Vehicle",employee
Acknowledgment & Agreement - Driver,"Torrance Unified School District, CA: Driver With a Vehicle",employee
Acknowledgment & Agreement - Driver,"Torrance Unified School District, CA: Driver Without a Vehicle",employee
Acknowledgment & Agreement - Driver,"Upland Unified School District, CA: Driver With a Vehicle",employee
Acknowledgment & Agreement - Driver,"Upland Unified School District, CA: Driver Without a Vehicle",employee
Acknowledgment & Agreement - Driver,"USC East College Prep, CA: Driver With a Vehicle",employee
Acknowledgment & Agreement - Driver,"USC East College Prep, CA: Driver Without a Vehicle",employee
Acknowledgment & Agreement - Driver,"Ventura County Office of Education, CA: Driver With a Vehicle",employee
Acknowledgment & Agreement - Driver,"Ventura County Office of Education, CA: Driver Without a Vehicle",employee
Acknowledgment & Agreement - Driver,"Walnut Valley Unified School District, CA: Driver With a Vehicle",employee
Acknowledgment & Agreement - Driver,"Walnut Valley Unified School District, CA: Driver Without a Vehicle",employee
Acknowledgment & Agreement - Driver,"West County Transportation Agency, CA: Driver With a Vehicle",employee
Acknowledgment & Agreement - Driver,"West County Transportation Agency, CA: Driver Without a Vehicle",employee
Acknowledgment & Agreement - Driver,"West Orange County Consortium for Special Education, CA: Driver With a Vehicle",employee
Acknowledgment & Agreement - Driver,"West Orange County Consortium for Special Education, CA: Driver Without a Vehicle",employee
Acknowledgment & Agreement - Driver,"Windsor Unified School District, CA: Driver With a Vehicle",employee
Acknowledgment & Agreement - Driver,"Windsor Unified School District, CA: Driver Without a Vehicle",employee
